Datetime,Water Level (m)
2025-11-09 00:00:00,0.6036674
2025-11-09 01:00:00,0.30174994
2025-11-09 02:00:00,0.0033733933
2025-11-09 03:00:00,-0.27971527
2025-11-09 04:00:00,-0.5315584
2025-11-09 05:00:00,-0.6958585
2025-11-09 06:00:00,-0.51937234
2025-11-09 07:00:00,-0.19639729
2025-11-09 08:00:00,0.18278584
2025-11-09 09:00:00,0.5608833
2025-11-09 10:00:00,0.7504861
2025-11-09 11:00:00,0.6129283
2025-11-09 12:00:00,0.34271994
2025-11-09 13:00:00,0.06752392
2025-11-09 14:00:00,-0.1973026
2025-11-09 15:00:00,-0.44985187
2025-11-09 16:00:00,-0.66807914
2025-11-09 17:00:00,-0.76976556
2025-11-09 18:00:00,-0.5137384
2025-11-09 19:00:00,-0.1684348
2025-11-09 20:00:00,0.2645863
2025-11-09 21:00:00,0.7080439
2025-11-09 22:00:00,1.041732
2025-11-09 23:00:00,1.0941435
2025-11-10 00:00:00,0.8219106
2025-11-10 01:00:00,0.5365758
2025-11-10 02:00:00,0.2419491
2025-11-10 03:00:00,-0.045783475
2025-11-10 04:00:00,-0.3152738
2025-11-10 05:00:00,-0.5453696
2025-11-10 06:00:00,-0.65037924
2025-11-10 07:00:00,-0.41182554
2025-11-10 08:00:00,-0.10688436
2025-11-10 09:00:00,0.234645
2025-11-10 10:00:00,0.5294725
2025-11-10 11:00:00,0.6265607
2025-11-10 12:00:00,0.46210945
2025-11-10 13:00:00,0.22529171
2025-11-10 14:00:00,-0.01578286
2025-11-10 15:00:00,-0.25241572
2025-11-10 16:00:00,-0.47243404
2025-11-10 17:00:00,-0.65127236
2025-11-10 18:00:00,-0.6779894
2025-11-10 19:00:00,-0.40369776
2025-11-10 20:00:00,-0.0712103
2025-11-10 21:00:00,0.32201192
2025-11-10 22:00:00,0.6964951
2025-11-10 23:00:00,0.9480132
2025-11-11 00:00:00,0.90762746
2025-11-11 01:00:00,0.6447472
2025-11-11 02:00:00,0.38370085
2025-11-11 03:00:00,0.11200023
2025-11-11 04:00:00,-0.14275357
2025-11-11 05:00:00,-0.3792573
2025-11-11 06:00:00,-0.56728345
2025-11-11 07:00:00,-0.6226912
2025-11-11 08:00:00,-0.40029123
2025-11-11 09:00:00,-0.12879667
2025-11-11 10:00:00,0.16047855
2025-11-11 11:00:00,0.41923648
2025-11-11 12:00:00,0.53204644
2025-11-11 13:00:00,0.38596162
2025-11-11 14:00:00,0.17588457
2025-11-11 15:00:00,-0.0407176
2025-11-11 16:00:00,-0.25522906
2025-11-11 17:00:00,-0.4494365
2025-11-11 18:00:00,-0.5902869
2025-11-11 19:00:00,-0.56047857
2025-11-11 20:00:00,-0.314437
2025-11-11 21:00:00,-0.027097268
2025-11-11 22:00:00,0.30251455
2025-11-11 23:00:00,0.60682535
2025-11-12 00:00:00,0.78621775
2025-11-12 01:00:00,0.7453025
2025-11-12 02:00:00,0.52403265
2025-11-12 03:00:00,0.29150203
2025-11-12 04:00:00,0.049955506
2025-11-12 05:00:00,-0.18425389
2025-11-12 06:00:00,-0.39826307
2025-11-12 07:00:00,-0.56889385
2025-11-12 08:00:00,-0.6344378
2025-11-12 09:00:00,-0.45113468
2025-11-12 10:00:00,-0.20737764
2025-11-12 11:00:00,0.049482957
2025-11-12 12:00:00,0.30538434
2025-11-12 13:00:00,0.45505735
2025-11-12 14:00:00,0.41306427
2025-11-12 15:00:00,0.22292972
2025-11-12 16:00:00,0.026599519
2025-11-12 17:00:00,-0.17186327
2025-11-12 18:00:00,-0.3521561
2025-11-12 19:00:00,-0.49087012
2025-11-12 20:00:00,-0.50948423
2025-11-12 21:00:00,-0.31368086
2025-11-12 22:00:00,-0.06736689
2025-11-12 23:00:00,0.21658058
2025-11-13 00:00:00,0.4855106
2025-11-13 01:00:00,0.65163684
2025-11-13 02:00:00,0.6413008
2025-11-13 03:00:00,0.46793833
2025-11-13 04:00:00,0.25651982
2025-11-13 05:00:00,0.03536372
2025-11-13 06:00:00,-0.18596268
2025-11-13 07:00:00,-0.39021114
2025-11-13 08:00:00,-0.55955625
2025-11-13 09:00:00,-0.65260893
2025-11-13 10:00:00,-0.5235487
2025-11-13 11:00:00,-0.2859985
2025-11-13 12:00:00,-0.017254425
2025-11-13 13:00:00,0.25034195
2025-11-13 14:00:00,0.450434
2025-11-13 15:00:00,0.5011483
2025-11-13 16:00:00,0.34815785
2025-11-13 17:00:00,0.1459321
2025-11-13 18:00:00,-0.05177844
2025-11-13 19:00:00,-0.2395486
2025-11-13 20:00:00,-0.39679328
2025-11-13 21:00:00,-0.48513272
2025-11-13 22:00:00,-0.38738513
2025-11-13 23:00:00,-0.16424292
2025-11-14 00:00:00,0.094003476
2025-11-14 01:00:00,0.36343348
2025-11-14 02:00:00,0.57379276
2025-11-14 03:00:00,0.6308956
2025-11-14 04:00:00,0.5018055
2025-11-14 05:00:00,0.29426664
2025-11-14 06:00:00,0.0689255
2025-11-14 07:00:00,-0.15640119
2025-11-14 08:00:00,-0.3699569
2025-11-14 09:00:00,-0.5524448
2025-11-14 10:00:00,-0.66761786
2025-11-14 11:00:00,-0.55556625
2025-11-14 12:00:00,-0.29964066
2025-11-14 13:00:00,-0.0075947866
2025-11-14 14:00:00,0.29517657
2025-11-14 15:00:00,0.53727305
2025-11-14 16:00:00,0.6100568
2025-11-14 17:00:00,0.4789588
2025-11-14 18:00:00,0.27068618
2025-11-14 19:00:00,0.05465071
2025-11-14 20:00:00,-0.15653531
2025-11-14 21:00:00,-0.34592745
2025-11-14 22:00:00,-0.48758477
2025-11-14 23:00:00,-0.4886175
2025-11-15 00:00:00,-0.2624904
